{
  "model": "EfficientNetB0_transfer",
  "img_size": [
    224,
    224
  ],
  "batch_size": 32,
  "epochs_total": 12,
  "roc_auc": 0.9520929213236905,
  "confusion_matrix": [
    [
      178,
      56
    ],
    [
      23,
      367
    ]
  ],
  "classification_report": {
    "NORMAL": {
      "precision": 0.8855721393034826,
      "recall": 0.7606837606837606,
      "f1-score": 0.8183908045977012,
      "support": 234.0
    },
    "PNEUMONIA": {
      "precision": 0.8676122931442081,
      "recall": 0.941025641025641,
      "f1-score": 0.9028290282902829,
      "support": 390.0
    },
    "accuracy": 0.8733974358974359,
    "macro avg": {
      "precision": 0.8765922162238453,
      "recall": 0.8508547008547008,
      "f1-score": 0.860609916443992,
      "support": 624.0
    },
    "weighted avg": {
      "precision": 0.8743472354539359,
      "recall": 0.8733974358974359,
      "f1-score": 0.8711646944055648,
      "support": 624.0
    }
  }
}