{
  "model": "ResNet50_transfer",
  "img_size": [
    224,
    224
  ],
  "batch_size": 32,
  "epochs_total": 12,
  "roc_auc": 0.9458908612754767,
  "confusion_matrix": [
    [
      197,
      37
    ],
    [
      33,
      357
    ]
  ],
  "classification_report": {
    "NORMAL": {
      "precision": 0.8565217391304348,
      "recall": 0.8418803418803419,
      "f1-score": 0.8491379310344828,
      "support": 234.0
    },
    "PNEUMONIA": {
      "precision": 0.9060913705583756,
      "recall": 0.9153846153846154,
      "f1-score": 0.9107142857142857,
      "support": 390.0
    },
    "accuracy": 0.8878205128205128,
    "macro avg": {
      "precision": 0.8813065548444052,
      "recall": 0.8786324786324786,
      "f1-score": 0.8799261083743842,
      "support": 624.0
    },
    "weighted avg": {
      "precision": 0.8875027587728977,
      "recall": 0.8878205128205128,
      "f1-score": 0.8876231527093597,
      "support": 624.0
    }
  }
}