{
  "model": "ResNet50_transfer",
  "img_size": [
    224,
    224
  ],
  "batch_size": 32,
  "epochs_total": 12,
  "roc_auc": 0.9433158010081086,
  "confusion_matrix": [
    [
      170,
      64
    ],
    [
      20,
      370
    ]
  ],
  "classification_report": {
    "NORMAL": {
      "precision": 0.8947368421052632,
      "recall": 0.7264957264957265,
      "f1-score": 0.8018867924528302,
      "support": 234.0
    },
    "PNEUMONIA": {
      "precision": 0.8525345622119815,
      "recall": 0.9487179487179487,
      "f1-score": 0.8980582524271845,
      "support": 390.0
    },
    "accuracy": 0.8653846153846154,
    "macro avg": {
      "precision": 0.8736357021586223,
      "recall": 0.8376068376068375,
      "f1-score": 0.8499725224400074,
      "support": 624.0
    },
    "weighted avg": {
      "precision": 0.8683604171719622,
      "recall": 0.8653846153846154,
      "f1-score": 0.8619939549368016,
      "support": 624.0
    }
  }
}